rank,country_full,country_abrv,total_points,previous_points,rank_change,rank_date,confederation,iso3,rank_fifa,fifa_points
1,England,ENG,1811,1782,3,2015-03-01,UEFA,ENG,1,1811
2,Spain,ESP,1786,1783,-5,2015-03-01,UEFA,ESP,2,1786
3,Portugal,POR,1748,1735,-5,2015-03-01,UEFA,PRT,3,1748
4,Netherlands,NED,1738,1734,-2,2015-03-01,UEFA,NLD,4,1738
5,Belgium,BEL,1717,1695,-4,2015-03-01,UEFA,BEL,5,1717
6,France,FRA,1685,1702,-1,2015-03-01,UEFA,FRA,6,1685
7,Italy,ITA,1656,1639,-2,2015-03-01,UEFA,ITA,7,1656
8,Germany,GER,1637,1628,-1,2015-03-01,UEFA,DEU,8,1637
9,Croatia,CRO,1620,1638,0,2015-03-01,UEFA,HRV,9,1620
10,Switzerland,SUI,1571,1579,-1,2015-03-01,UEFA,CHE,10,1571
11,Austria,AUT,1535,1539,-4,2015-03-01,UEFA,AUT,11,1535
12,Denmark,DEN,1530,1524,-4,2015-03-01,UEFA,DNK,12,1530
13,Serbia,SRB,1492,1487,5,2015-03-01,UEFA,SRB,13,1492
14,Czech Republic,CZE,1490,1472,-4,2015-03-01,UEFA,CZE,14,1490
15,Ukraine,UKR,1458,1457,5,2015-03-01,UEFA,UKR,15,1458
16,Sweden,SWE,1457,1482,-4,2015-03-01,UEFA,SWE,16,1457
17,Norway,NOR,1440,1424,5,2015-03-01,UEFA,NOR,17,1440
18,Poland,POL,1396,1401,-1,2015-03-01,UEFA,POL,18,1396
19,Slovakia,SVK,1387,1397,-3,2015-03-01,UEFA,SVK,19,1387
20,Hungary,HUN,1376,1395,-1,2015-03-01,UEFA,HUN,20,1376
21,Greece,GRE,1332,1358,0,2015-03-01,UEFA,GRC,21,1332
22,Romania,ROU,1317,1310,0,2015-03-01,UEFA,ROU,22,1317
23,Ireland,IRL,1268,1252,-5,2015-03-01,UEFA,IRL,23,1268
24,Slovenia,SVN,1266,1280,5,2015-03-01,UEFA,SVN,24,1266
25,Bulgaria,BUL,1265,1252,-4,2015-03-01,UEFA,BGR,25,1265
26,Finland,FIN,1250,1249,1,2015-03-01,UEFA,FIN,26,1250
1,Belgium,BEL,1803,1807,-1,2015-06-01,UEFA,BEL,1,1803
2,Spain,ESP,1784,1779,0,2015-06-01,UEFA,ESP,2,1784
3,Netherlands,NED,1759,1739,5,2015-06-01,UEFA,NLD,3,1759
4,Portugal,POR,1750,1724,1,2015-06-01,UEFA,PRT,4,1750
5,France,FRA,1715,1701,-3,2015-06-01,UEFA,FRA,5,1715
6,Croatia,CRO,1706,1731,-5,2015-06-01,UEFA,HRV,6,1706
7,Germany,GER,1681,1680,3,2015-06-01,UEFA,DEU,7,1681
8,England,ENG,1669,1694,-4,2015-06-01,UEFA,ENG,8,1669
9,Italy,ITA,1668,1670,2,2015-06-01,UEFA,ITA,9,1668
10,Denmark,DEN,1644,1662,-1,2015-06-01,UEFA,DNK,10,1644
11,Austria,AUT,1534,1504,-1,2015-06-01,UEFA,AUT,11,1534
12,Switzerland,SUI,1511,1499,1,2015-06-01,UEFA,CHE,12,1511
13,Czech Republic,CZE,1472,1480,-2,2015-06-01,UEFA,CZE,13,1472
14,Poland,POL,1421,1423,-4,2015-06-01,UEFA,POL,14,1421
15,Hungary,HUN,1413,1431,-3,2015-06-01,UEFA,HUN,15,1413
16,Sweden,SWE,1398,1406,0,2015-06-01,UEFA,SWE,16,1398
17,Serbia,SRB,1395,1380,-2,2015-06-01,UEFA,SRB,17,1395
18,Ukraine,UKR,1391,1368,0,2015-06-01,UEFA,UKR,18,1391
19,Slovakia,SVK,1368,1387,-3,2015-06-01,UEFA,SVK,19,1368
20,Norway,NOR,1365,1368,4,2015-06-01,UEFA,NOR,20,1365
21,Romania,ROU,1337,1310,-2,2015-06-01,UEFA,ROU,21,1337
22,Finland,FIN,1330,1360,3,2015-06-01,UEFA,FIN,22,1330
23,Ireland,IRL,1308,1337,3,2015-06-01,UEFA,IRL,23,1308
24,Greece,GRE,1299,1326,3,2015-06-01,UEFA,GRC,24,1299
25,Bulgaria,BUL,1242,1237,5,2015-06-01,UEFA,BGR,25,1242
26,Slovenia,SVN,1219,1235,2,2015-06-01,UEFA,SVN,26,1219
1,Belgium,BEL,1810,1794,-5,2015-09-01,UEFA,BEL,1,1810
2,France,FRA,1765,1736,4,2015-09-01,UEFA,FRA,2,1765
3,Netherlands,NED,1737,1715,4,2015-09-01,UEFA,NLD,3,1737
4,England,ENG,1728,1740,2,2015-09-01,UEFA,ENG,4,1728
5,Italy,ITA,1717,1691,3,2015-09-01,UEFA,ITA,5,1717
6,Portugal,POR,1660,1680,2,2015-09-01,UEFA,PRT,6,1660
7,Croatia,CRO,1655,1652,1,2015-09-01,UEFA,HRV,7,1655
8,Spain,ESP,1650,1634,-4,2015-09-01,UEFA,ESP,8,1650
9,Germany,GER,1577,1553,-4,2015-09-01,UEFA,DEU,9,1577
10,Denmark,DEN,1520,1533,5,2015-09-01,UEFA,DNK,10,1520
11,Switzerland,SUI,1498,1493,0,2015-09-01,UEFA,CHE,11,1498
12,Ukraine,UKR,1491,1492,2,2015-09-01,UEFA,UKR,12,1491
13,Austria,AUT,1481,1463,-2,2015-09-01,UEFA,AUT,13,1481
14,Czech Republic,CZE,1461,1446,-4,2015-09-01,UEFA,CZE,14,1461
15,Hungary,HUN,1458,1434,-5,2015-09-01,UEFA,HUN,15,1458
16,Sweden,SWE,1421,1450,-2,2015-09-01,UEFA,SWE,16,1421
17,Poland,POL,1411,1408,-3,2015-09-01,UEFA,POL,17,1411
18,Serbia,SRB,1382,1390,-4,2015-09-01,UEFA,SRB,18,1382
19,Romania,ROU,1378,1405,-5,2015-09-01,UEFA,ROU,19,1378
20,Slovakia,SVK,1348,1336,1,2015-09-01,UEFA,SVK,20,1348
21,Ireland,IRL,1334,1307,-5,2015-09-01,UEFA,IRL,21,1334
22,Norway,NOR,1312,1319,3,2015-09-01,UEFA,NOR,22,1312
23,Slovenia,SVN,1295,1265,1,2015-09-01,UEFA,SVN,23,1295
24,Bulgaria,BUL,1291,1319,3,2015-09-01,UEFA,BGR,24,1291
25,Finland,FIN,1248,1230,-1,2015-09-01,UEFA,FIN,25,1248
26,Greece,GRE,1201,1203,-4,2015-09-01,UEFA,GRC,26,1201
1,Belgium,BEL,1808,1816,-5,2015-12-01,UEFA,BEL,1,1808
2,France,FRA,1782,1759,4,2015-12-01,UEFA,FRA,2,1782
3,Spain,ESP,1742,1754,4,2015-12-01,UEFA,ESP,3,1742
4,England,ENG,1737,1722,-1,2015-12-01,UEFA,ENG,4,1737
5,Portugal,POR,1715,1705,-4,2015-12-01,UEFA,PRT,5,1715
6,Italy,ITA,1713,1742,-1,2015-12-01,UEFA,ITA,6,1713
7,Germany,GER,1646,1655,4,2015-12-01,UEFA,DEU,7,1646
8,Netherlands,NED,1632,1644,5,2015-12-01,UEFA,NLD,8,1632
9,Croatia,CRO,1583,1587,-2,2015-12-01,UEFA,HRV,9,1583
10,Denmark,DEN,1574,1552,0,2015-12-01,UEFA,DNK,10,1574
11,Switzerland,SUI,1545,1538,-1,2015-12-01,UEFA,CHE,11,1545
12,Poland,POL,1532,1553,5,2015-12-01,UEFA,POL,12,1532
13,Austria,AUT,1530,1553,3,2015-12-01,UEFA,AUT,13,1530
14,Ukraine,UKR,1456,1444,4,2015-12-01,UEFA,UKR,14,1456
15,Sweden,SWE,1427,1453,-4,2015-12-01,UEFA,SWE,15,1427
16,Ireland,IRL,1397,1367,-4,2015-12-01,UEFA,IRL,16,1397
17,Serbia,SRB,1397,1369,-1,2015-12-01,UEFA,SRB,17,1397
18,Norway,NOR,1365,1345,2,2015-12-01,UEFA,NOR,18,1365
19,Romania,ROU,1363,1346,5,2015-12-01,UEFA,ROU,19,1363
20,Czech Republic,CZE,1345,1357,3,2015-12-01,UEFA,CZE,20,1345
21,Hungary,HUN,1344,1374,-3,2015-12-01,UEFA,HUN,21,1344
22,Greece,GRE,1336,1341,-3,2015-12-01,UEFA,GRC,22,1336
23,Slovenia,SVN,1327,1328,-1,2015-12-01,UEFA,SVN,23,1327
24,Slovakia,SVK,1255,1265,1,2015-12-01,UEFA,SVK,24,1255
25,Finland,FIN,1220,1190,0,2015-12-01,UEFA,FIN,25,1220
26,Bulgaria,BUL,1201,1205,-5,2015-12-01,UEFA,BGR,26,1201
1,Spain,ESP,1778,1804,1,2016-03-01,UEFA,ESP,1,1778
2,England,ENG,1762,1733,-3,2016-03-01,UEFA,ENG,2,1762
3,Belgium,BEL,1723,1735,-4,2016-03-01,UEFA,BEL,3,1723
4,Netherlands,NED,1704,1725,5,2016-03-01,UEFA,NLD,4,1704
5,Italy,ITA,1693,1718,-3,2016-03-01,UEFA,ITA,5,1693
6,France,FRA,1689,1716,0,2016-03-01,UEFA,FRA,6,1689
7,Portugal,POR,1666,1646,-4,2016-03-01,UEFA,PRT,7,1666
8,Croatia,CRO,1616,1638,2,2016-03-01,UEFA,HRV,8,1616
9,Denmark,DEN,1585,1607,-2,2016-03-01,UEFA,DNK,9,1585
10,Germany,GER,1538,1562,2,2016-03-01,UEFA,DEU,10,1538
11,Austria,AUT,1502,1489,-4,2016-03-01,UEFA,AUT,11,1502
12,Switzerland,SUI,1489,1501,-2,2016-03-01,UEFA,CHE,12,1489
13,Czech Republic,CZE,1480,1471,-5,2016-03-01,UEFA,CZE,13,1480
14,Ukraine,UKR,1475,1491,0,2016-03-01,UEFA,UKR,14,1475
15,Poland,POL,1465,1476,3,2016-03-01,UEFA,POL,15,1465
16,Norway,NOR,1457,1447,5,2016-03-01,UEFA,NOR,16,1457
17,Romania,ROU,1431,1433,-4,2016-03-01,UEFA,ROU,17,1431
18,Serbia,SRB,1409,1418,4,2016-03-01,UEFA,SRB,18,1409
19,Sweden,SWE,1407,1383,4,2016-03-01,UEFA,SWE,19,1407
20,Hungary,HUN,1384,1365,4,2016-03-01,UEFA,HUN,20,1384
21,Slovenia,SVN,1345,1327,-1,2016-03-01,UEFA,SVN,21,1345
22,Slovakia,SVK,1343,1313,3,2016-03-01,UEFA,SVK,22,1343
23,Ireland,IRL,1330,1332,-1,2016-03-01,UEFA,IRL,23,1330
24,Finland,FIN,1302,1299,-4,2016-03-01,UEFA,FIN,24,1302
25,Bulgaria,BUL,1246,1241,-1,2016-03-01,UEFA,BGR,25,1246
26,Greece,GRE,1236,1232,5,2016-03-01,UEFA,GRC,26,1236
1,France,FRA,1782,1787,-5,2016-06-01,UEFA,FRA,1,1782
2,Italy,ITA,1763,1763,-3,2016-06-01,UEFA,ITA,2,1763
3,Spain,ESP,1754,1752,2,2016-06-01,UEFA,ESP,3,1754
4,Belgium,BEL,1733,1716,1,2016-06-01,UEFA,BEL,4,1733
5,England,ENG,1729,1731,5,2016-06-01,UEFA,ENG,5,1729
6,Croatia,CRO,1721,1745,-4,2016-06-01,UEFA,HRV,6,1721
7,Portugal,POR,1655,1676,-2,2016-06-01,UEFA,PRT,7,1655
8,Netherlands,NED,1622,1644,-2,2016-06-01,UEFA,NLD,8,1622
9,Denmark,DEN,1613,1639,5,2016-06-01,UEFA,DNK,9,1613
10,Switzerland,SUI,1581,1582,1,2016-06-01,UEFA,CHE,10,1581
11,Germany,GER,1535,1507,-2,2016-06-01,UEFA,DEU,11,1535
12,Sweden,SWE,1533,1538,4,2016-06-01,UEFA,SWE,12,1533
13,Serbia,SRB,1503,1502,1,2016-06-01,UEFA,SRB,13,1503
14,Ukraine,UKR,1500,1509,3,2016-06-01,UEFA,UKR,14,1500
15,Poland,POL,1484,1468,-3,2016-06-01,UEFA,POL,15,1484
16,Czech Republic,CZE,1461,1434,3,2016-06-01,UEFA,CZE,16,1461
17,Austria,AUT,1455,1466,-5,2016-06-01,UEFA,AUT,17,1455
18,Romania,ROU,1416,1414,-3,2016-06-01,UEFA,ROU,18,1416
19,Ireland,IRL,1392,1367,-3,2016-06-01,UEFA,IRL,19,1392
20,Slovakia,SVK,1365,1366,5,2016-06-01,UEFA,SVK,20,1365
21,Norway,NOR,1358,1345,0,2016-06-01,UEFA,NOR,21,1358
22,Hungary,HUN,1349,1348,-3,2016-06-01,UEFA,HUN,22,1349
23,Slovenia,SVN,1313,1299,-2,2016-06-01,UEFA,SVN,23,1313
24,Finland,FIN,1279,1277,-4,2016-06-01,UEFA,FIN,24,1279
25,Bulgaria,BUL,1222,1216,-3,2016-06-01,UEFA,BGR,25,1222
26,Greece,GRE,1203,1199,1,2016-06-01,UEFA,GRC,26,1203
1,Belgium,BEL,1809,1839,-5,2016-09-01,UEFA,BEL,1,1809
2,France,FRA,1781,1804,1,2016-09-01,UEFA,FRA,2,1781
3,England,ENG,1781,1765,-1,2016-09-01,UEFA,ENG,3,1781
4,Spain,ESP,1757,1727,0,2016-09-01,UEFA,ESP,4,1757
5,Portugal,POR,1751,1767,-3,2016-09-01,UEFA,PRT,5,1751
6,Italy,ITA,1732,1756,1,2016-09-01,UEFA,ITA,6,1732
7,Netherlands,NED,1723,1694,1,2016-09-01,UEFA,NLD,7,1723
8,Croatia,CRO,1665,1672,4,2016-09-01,UEFA,HRV,8,1665
9,Germany,GER,1611,1620,3,2016-09-01,UEFA,DEU,9,1611
10,Switzerland,SUI,1601,1582,-5,2016-09-01,UEFA,CHE,10,1601
11,Denmark,DEN,1528,1539,1,2016-09-01,UEFA,DNK,11,1528
12,Serbia,SRB,1516,1530,5,2016-09-01,UEFA,SRB,12,1516
13,Austria,AUT,1515,1505,-2,2016-09-01,UEFA,AUT,13,1515
14,Sweden,SWE,1487,1471,5,2016-09-01,UEFA,SWE,14,1487
15,Poland,POL,1459,1450,1,2016-09-01,UEFA,POL,15,1459
16,Norway,NOR,1453,1461,-4,2016-09-01,UEFA,NOR,16,1453
17,Czech Republic,CZE,1450,1436,-4,2016-09-01,UEFA,CZE,17,1450
18,Ukraine,UKR,1397,1415,-5,2016-09-01,UEFA,UKR,18,1397
19,Slovakia,SVK,1376,1406,-2,2016-09-01,UEFA,SVK,19,1376
20,Ireland,IRL,1333,1309,4,2016-09-01,UEFA,IRL,20,1333
21,Romania,ROU,1327,1350,-5,2016-09-01,UEFA,ROU,21,1327
22,Hungary,HUN,1322,1339,3,2016-09-01,UEFA,HUN,22,1322
23,Greece,GRE,1288,1318,-2,2016-09-01,UEFA,GRC,23,1288
24,Finland,FIN,1274,1293,0,2016-09-01,UEFA,FIN,24,1274
25,Slovenia,SVN,1259,1237,2,2016-09-01,UEFA,SVN,25,1259
26,Bulgaria,BUL,1242,1248,5,2016-09-01,UEFA,BGR,26,1242
1,Belgium,BEL,1804,1824,-5,2016-12-01,UEFA,BEL,1,1804
2,Spain,ESP,1771,1768,5,2016-12-01,UEFA,ESP,2,1771
3,France,FRA,1705,1719,-1,2016-12-01,UEFA,FRA,3,1705
4,Croatia,CRO,1684,1681,4,2016-12-01,UEFA,HRV,4,1684
5,England,ENG,1660,1684,1,2016-12-01,UEFA,ENG,5,1660
6,Italy,ITA,1650,1652,5,2016-12-01,UEFA,ITA,6,1650
7,Portugal,POR,1637,1634,-3,2016-12-01,UEFA,PRT,7,1637
8,Netherlands,NED,1626,1623,0,2016-12-01,UEFA,NLD,8,1626
9,Germany,GER,1598,1607,3,2016-12-01,UEFA,DEU,9,1598
10,Denmark,DEN,1589,1613,-2,2016-12-01,UEFA,DNK,10,1589
11,Switzerland,SUI,1554,1580,2,2016-12-01,UEFA,CHE,11,1554
12,Sweden,SWE,1540,1510,3,2016-12-01,UEFA,SWE,12,1540
13,Austria,AUT,1536,1542,4,2016-12-01,UEFA,AUT,13,1536
14,Poland,POL,1462,1433,2,2016-12-01,UEFA,POL,14,1462
15,Norway,NOR,1419,1424,3,2016-12-01,UEFA,NOR,15,1419
16,Romania,ROU,1418,1436,-2,2016-12-01,UEFA,ROU,16,1418
17,Serbia,SRB,1414,1404,-4,2016-12-01,UEFA,SRB,17,1414
18,Ukraine,UKR,1408,1393,1,2016-12-01,UEFA,UKR,18,1408
19,Czech Republic,CZE,1389,1390,-2,2016-12-01,UEFA,CZE,19,1389
20,Hungary,HUN,1384,1375,-1,2016-12-01,UEFA,HUN,20,1384
21,Ireland,IRL,1362,1379,3,2016-12-01,UEFA,IRL,21,1362
22,Slovenia,SVN,1323,1321,-5,2016-12-01,UEFA,SVN,22,1323
23,Slovakia,SVK,1307,1291,1,2016-12-01,UEFA,SVK,23,1307
24,Finland,FIN,1287,1299,4,2016-12-01,UEFA,FIN,24,1287
25,Greece,GRE,1265,1251,-2,2016-12-01,UEFA,GRC,25,1265
26,Bulgaria,BUL,1253,1267,2,2016-12-01,UEFA,BGR,26,1253
1,Belgium,BEL,1810,1828,3,2017-03-01,UEFA,BEL,1,1810
2,France,FRA,1728,1711,2,2017-03-01,UEFA,FRA,2,1728
3,Italy,ITA,1691,1684,-3,2017-03-01,UEFA,ITA,3,1691
4,Croatia,CRO,1687,1685,0,2017-03-01,UEFA,HRV,4,1687
5,Netherlands,NED,1669,1641,-5,2017-03-01,UEFA,NLD,5,1669
6,Spain,ESP,1660,1683,-2,2017-03-01,UEFA,ESP,6,1660
7,England,ENG,1660,1675,3,2017-03-01,UEFA,ENG,7,1660
8,Portugal,POR,1630,1640,2,2017-03-01,UEFA,PRT,8,1630
9,Austria,AUT,1565,1575,5,2017-03-01,UEFA,AUT,9,1565
10,Germany,GER,1532,1538,-1,2017-03-01,UEFA,DEU,10,1532
11,Sweden,SWE,1531,1525,2,2017-03-01,UEFA,SWE,11,1531
12,Serbia,SRB,1525,1532,5,2017-03-01,UEFA,SRB,12,1525
13,Denmark,DEN,1520,1506,2,2017-03-01,UEFA,DNK,13,1520
14,Switzerland,SUI,1499,1494,2,2017-03-01,UEFA,CHE,14,1499
15,Hungary,HUN,1473,1481,4,2017-03-01,UEFA,HUN,15,1473
16,Ukraine,UKR,1463,1488,4,2017-03-01,UEFA,UKR,16,1463
17,Poland,POL,1414,1393,4,2017-03-01,UEFA,POL,17,1414
18,Ireland,IRL,1406,1406,-1,2017-03-01,UEFA,IRL,18,1406
19,Slovakia,SVK,1392,1375,-1,2017-03-01,UEFA,SVK,19,1392
20,Czech Republic,CZE,1364,1349,-4,2017-03-01,UEFA,CZE,20,1364
21,Romania,ROU,1354,1360,4,2017-03-01,UEFA,ROU,21,1354
22,Slovenia,SVN,1354,1371,-4,2017-03-01,UEFA,SVN,22,1354
23,Norway,NOR,1338,1308,1,2017-03-01,UEFA,NOR,23,1338
24,Finland,FIN,1249,1234,-3,2017-03-01,UEFA,FIN,24,1249
25,Bulgaria,BUL,1222,1210,-1,2017-03-01,UEFA,BGR,25,1222
26,Greece,GRE,1205,1218,-2,2017-03-01,UEFA,GRC,26,1205
1,France,FRA,1787,1764,3,2017-06-01,UEFA,FRA,1,1787
2,Italy,ITA,1785,1802,4,2017-06-01,UEFA,ITA,2,1785
3,England,ENG,1769,1746,2,2017-06-01,UEFA,ENG,3,1769
4,Portugal,POR,1736,1737,2,2017-06-01,UEFA,PRT,4,1736
5,Croatia,CRO,1719,1705,-5,2017-06-01,UEFA,HRV,5,1719
6,Netherlands,NED,1702,1732,-1,2017-06-01,UEFA,NLD,6,1702
7,Belgium,BEL,1698,1726,-1,2017-06-01,UEFA,BEL,7,1698
8,Germany,GER,1682,1654,1,2017-06-01,UEFA,DEU,8,1682
9,Spain,ESP,1653,1626,-3,2017-06-01,UEFA,ESP,9,1653
10,Denmark,DEN,1565,1578,4,2017-06-01,UEFA,DNK,10,1565
11,Switzerland,SUI,1551,1557,-5,2017-06-01,UEFA,CHE,11,1551
12,Austria,AUT,1538,1541,5,2017-06-01,UEFA,AUT,12,1538
13,Czech Republic,CZE,1468,1443,2,2017-06-01,UEFA,CZE,13,1468
14,Ukraine,UKR,1460,1472,1,2017-06-01,UEFA,UKR,14,1460
15,Poland,POL,1447,1428,4,2017-06-01,UEFA,POL,15,1447
16,Sweden,SWE,1439,1430,1,2017-06-01,UEFA,SWE,16,1439
17,Hungary,HUN,1422,1413,0,2017-06-01,UEFA,HUN,17,1422
18,Serbia,SRB,1405,1394,3,2017-06-01,UEFA,SRB,18,1405
19,Romania,ROU,1392,1367,0,2017-06-01,UEFA,ROU,19,1392
20,Norway,NOR,1390,1399,2,2017-06-01,UEFA,NOR,20,1390
21,Finland,FIN,1314,1287,-2,2017-06-01,UEFA,FIN,21,1314
22,Slovenia,SVN,1280,1257,1,2017-06-01,UEFA,SVN,22,1280
23,Ireland,IRL,1267,1250,-1,2017-06-01,UEFA,IRL,23,1267
24,Bulgaria,BUL,1236,1234,2,2017-06-01,UEFA,BGR,24,1236
25,Slovakia,SVK,1232,1244,3,2017-06-01,UEFA,SVK,25,1232
26,Greece,GRE,1194,1204,4,2017-06-01,UEFA,GRC,26,1194
1,France,FRA,1820,1816,-4,2017-09-01,UEFA,FRA,1,1820
2,Spain,ESP,1762,1791,-1,2017-09-01,UEFA,ESP,2,1762
3,England,ENG,1719,1718,3,2017-09-01,UEFA,ENG,3,1719
4,Italy,ITA,1702,1698,2,2017-09-01,UEFA,ITA,4,1702
5,Netherlands,NED,1697,1679,4,2017-09-01,UEFA,NLD,5,1697
6,Belgium,BEL,1689,1688,-4,2017-09-01,UEFA,BEL,6,1689
7,Germany,GER,1635,1626,3,2017-09-01,UEFA,DEU,7,1635
8,Portugal,POR,1632,1657,-4,2017-09-01,UEFA,PRT,8,1632
9,Switzerland,SUI,1571,1562,3,2017-09-01,UEFA,CHE,9,1571
10,Croatia,CRO,1565,1553,-1,2017-09-01,UEFA,HRV,10,1565
11,Denmark,DEN,1545,1543,3,2017-09-01,UEFA,DNK,11,1545
12,Ukraine,UKR,1538,1529,-4,2017-09-01,UEFA,UKR,12,1538
13,Austria,AUT,1534,1563,0,2017-09-01,UEFA,AUT,13,1534
14,Sweden,SWE,1524,1496,-3,2017-09-01,UEFA,SWE,14,1524
15,Czech Republic,CZE,1448,1420,0,2017-09-01,UEFA,CZE,15,1448
16,Poland,POL,1437,1443,1,2017-09-01,UEFA,POL,16,1437
17,Hungary,HUN,1415,1409,5,2017-09-01,UEFA,HUN,17,1415
18,Serbia,SRB,1390,1408,5,2017-09-01,UEFA,SRB,18,1390
19,Norway,NOR,1382,1406,5,2017-09-01,UEFA,NOR,19,1382
20,Finland,FIN,1368,1382,1,2017-09-01,UEFA,FIN,20,1368
21,Ireland,IRL,1335,1345,2,2017-09-01,UEFA,IRL,21,1335
22,Bulgaria,BUL,1321,1295,-2,2017-09-01,UEFA,BGR,22,1321
23,Romania,ROU,1301,1304,2,2017-09-01,UEFA,ROU,23,1301
24,Slovakia,SVK,1251,1251,-1,2017-09-01,UEFA,SVK,24,1251
25,Greece,GRE,1245,1262,-4,2017-09-01,UEFA,GRC,25,1245
26,Slovenia,SVN,1234,1230,5,2017-09-01,UEFA,SVN,26,1234
1,France,FRA,1792,1772,-1,2017-12-01,UEFA,FRA,1,1792
2,Netherlands,NED,1757,1770,-2,2017-12-01,UEFA,NLD,2,1757
3,Portugal,POR,1747,1726,-2,2017-12-01,UEFA,PRT,3,1747
4,Spain,ESP,1726,1719,1,2017-12-01,UEFA,ESP,4,1726
5,England,ENG,1700,1681,-4,2017-12-01,UEFA,ENG,5,1700
6,Italy,ITA,1695,1698,1,2017-12-01,UEFA,ITA,6,1695
7,Croatia,CRO,1684,1711,-1,2017-12-01,UEFA,HRV,7,1684
8,Belgium,BEL,1671,1661,-5,2017-12-01,UEFA,BEL,8,1671
9,Germany,GER,1594,1593,-1,2017-12-01,UEFA,DEU,9,1594
10,Switzerland,SUI,1591,1605,-1,2017-12-01,UEFA,CHE,10,1591
11,Sweden,SWE,1553,1570,2,2017-12-01,UEFA,SWE,11,1553
12,Denmark,DEN,1525,1523,0,2017-12-01,UEFA,DNK,12,1525
13,Austria,AUT,1495,1477,1,2017-12-01,UEFA,AUT,13,1495
14,Czech Republic,CZE,1490,1478,-1,2017-12-01,UEFA,CZE,14,1490
15,Serbia,SRB,1451,1472,-4,2017-12-01,UEFA,SRB,15,1451
16,Ukraine,UKR,1445,1453,0,2017-12-01,UEFA,UKR,16,1445
17,Hungary,HUN,1419,1406,-5,2017-12-01,UEFA,HUN,17,1419
18,Poland,POL,1403,1388,1,2017-12-01,UEFA,POL,18,1403
19,Norway,NOR,1373,1363,1,2017-12-01,UEFA,NOR,19,1373
20,Slovenia,SVN,1358,1334,5,2017-12-01,UEFA,SVN,20,1358
21,Finland,FIN,1357,1350,-3,2017-12-01,UEFA,FIN,21,1357
22,Romania,ROU,1324,1333,-1,2017-12-01,UEFA,ROU,22,1324
23,Slovakia,SVK,1311,1331,2,2017-12-01,UEFA,SVK,23,1311
24,Ireland,IRL,1305,1283,3,2017-12-01,UEFA,IRL,24,1305
25,Bulgaria,BUL,1298,1300,-1,2017-12-01,UEFA,BGR,25,1298
26,Greece,GRE,1252,1280,2,2017-12-01,UEFA,GRC,26,1252
1,England,ENG,1806,1800,5,2018-03-01,UEFA,ENG,1,1806
2,Belgium,BEL,1802,1795,-4,2018-03-01,UEFA,BEL,2,1802
3,Italy,ITA,1749,1742,5,2018-03-01,UEFA,ITA,3,1749
4,France,FRA,1698,1677,-2,2018-03-01,UEFA,FRA,4,1698
5,Germany,GER,1685,1669,5,2018-03-01,UEFA,DEU,5,1685
6,Croatia,CRO,1683,1711,-1,2018-03-01,UEFA,HRV,6,1683
7,Spain,ESP,1638,1624,3,2018-03-01,UEFA,ESP,7,1638
8,Netherlands,NED,1626,1639,-2,2018-03-01,UEFA,NLD,8,1626
9,Portugal,POR,1604,1613,3,2018-03-01,UEFA,PRT,9,1604
10,Switzerland,SUI,1560,1561,-4,2018-03-01,UEFA,CHE,10,1560
11,Denmark,DEN,1536,1514,-5,2018-03-01,UEFA,DNK,11,1536
12,Ukraine,UKR,1500,1498,-2,2018-03-01,UEFA,UKR,12,1500
13,Czech Republic,CZE,1493,1510,-3,2018-03-01,UEFA,CZE,13,1493
14,Austria,AUT,1478,1504,3,2018-03-01,UEFA,AUT,14,1478
15,Poland,POL,1475,1474,0,2018-03-01,UEFA,POL,15,1475
16,Sweden,SWE,1469,1441,0,2018-03-01,UEFA,SWE,16,1469
17,Serbia,SRB,1402,1422,4,2018-03-01,UEFA,SRB,17,1402
18,Hungary,HUN,1343,1366,2,2018-03-01,UEFA,HUN,18,1343
19,Greece,GRE,1337,1320,-2,2018-03-01,UEFA,GRC,19,1337
20,Norway,NOR,1310,1330,0,2018-03-01,UEFA,NOR,20,1310
21,Romania,ROU,1301,1314,0,2018-03-01,UEFA,ROU,21,1301
22,Ireland,IRL,1286,1306,4,2018-03-01,UEFA,IRL,22,1286
23,Slovakia,SVK,1263,1293,2,2018-03-01,UEFA,SVK,23,1263
24,Finland,FIN,1263,1274,5,2018-03-01,UEFA,FIN,24,1263
25,Slovenia,SVN,1213,1208,-1,2018-03-01,UEFA,SVN,25,1213
26,Bulgaria,BUL,1180,1203,3,2018-03-01,UEFA,BGR,26,1180
1,Belgium,BEL,1798,1784,-3,2018-06-01,UEFA,BEL,1,1798
2,France,FRA,1749,1773,-3,2018-06-01,UEFA,FRA,2,1749
3,Portugal,POR,1719,1717,0,2018-06-01,UEFA,PRT,3,1719
4,Netherlands,NED,1706,1709,-4,2018-06-01,UEFA,NLD,4,1706
5,England,ENG,1701,1687,-5,2018-06-01,UEFA,ENG,5,1701
6,Italy,ITA,1693,1700,0,2018-06-01,UEFA,ITA,6,1693
7,Germany,GER,1680,1656,2,2018-06-01,UEFA,DEU,7,1680
8,Spain,ESP,1641,1619,-5,2018-06-01,UEFA,ESP,8,1641
9,Denmark,DEN,1640,1629,2,2018-06-01,UEFA,DNK,9,1640
10,Croatia,CRO,1621,1651,4,2018-06-01,UEFA,HRV,10,1621
11,Sweden,SWE,1514,1516,4,2018-06-01,UEFA,SWE,11,1514
12,Switzerland,SUI,1498,1498,1,2018-06-01,UEFA,CHE,12,1498
13,Austria,AUT,1445,1446,2,2018-06-01,UEFA,AUT,13,1445
14,Hungary,HUN,1415,1423,3,2018-06-01,UEFA,HUN,14,1415
15,Ukraine,UKR,1412,1432,-4,2018-06-01,UEFA,UKR,15,1412
16,Poland,POL,1396,1386,4,2018-06-01,UEFA,POL,16,1396
17,Serbia,SRB,1396,1392,0,2018-06-01,UEFA,SRB,17,1396
18,Norway,NOR,1393,1372,5,2018-06-01,UEFA,NOR,18,1393
19,Romania,ROU,1386,1384,-2,2018-06-01,UEFA,ROU,19,1386
20,Czech Republic,CZE,1359,1337,-1,2018-06-01,UEFA,CZE,20,1359
21,Slovakia,SVK,1338,1354,-4,2018-06-01,UEFA,SVK,21,1338
22,Greece,GRE,1329,1302,4,2018-06-01,UEFA,GRC,22,1329
23,Finland,FIN,1318,1308,5,2018-06-01,UEFA,FIN,23,1318
24,Slovenia,SVN,1284,1306,2,2018-06-01,UEFA,SVN,24,1284
25,Bulgaria,BUL,1273,1249,0,2018-06-01,UEFA,BGR,25,1273
26,Ireland,IRL,1271,1246,-4,2018-06-01,UEFA,IRL,26,1271
1,England,ENG,1799,1792,-4,2018-09-01,UEFA,ENG,1,1799
2,France,FRA,1772,1760,4,2018-09-01,UEFA,FRA,2,1772
3,Portugal,POR,1753,1782,5,2018-09-01,UEFA,PRT,3,1753
4,Belgium,BEL,1750,1726,4,2018-09-01,UEFA,BEL,4,1750
5,Netherlands,NED,1745,1729,1,2018-09-01,UEFA,NLD,5,1745
6,Croatia,CRO,1721,1713,-5,2018-09-01,UEFA,HRV,6,1721
7,Italy,ITA,1690,1714,-4,2018-09-01,UEFA,ITA,7,1690
8,Spain,ESP,1689,1668,5,2018-09-01,UEFA,ESP,8,1689
9,Denmark,DEN,1543,1549,5,2018-09-01,UEFA,DNK,9,1543
10,Germany,GER,1536,1517,-1,2018-09-01,UEFA,DEU,10,1536
11,Switzerland,SUI,1500,1479,5,2018-09-01,UEFA,CHE,11,1500
12,Serbia,SRB,1475,1456,-3,2018-09-01,UEFA,SRB,12,1475
13,Poland,POL,1472,1468,2,2018-09-01,UEFA,POL,13,1472
14,Hungary,HUN,1463,1471,-4,2018-09-01,UEFA,HUN,14,1463
15,Austria,AUT,1441,1458,3,2018-09-01,UEFA,AUT,15,1441
16,Sweden,SWE,1437,1417,4,2018-09-01,UEFA,SWE,16,1437
17,Ukraine,UKR,1407,1394,2,2018-09-01,UEFA,UKR,17,1407
18,Romania,ROU,1400,1408,2,2018-09-01,UEFA,ROU,18,1400
19,Czech Republic,CZE,1383,1376,-1,2018-09-01,UEFA,CZE,19,1383
20,Finland,FIN,1360,1361,3,2018-09-01,UEFA,FIN,20,1360
21,Slovakia,SVK,1320,1317,-4,2018-09-01,UEFA,SVK,21,1320
22,Norway,NOR,1309,1293,1,2018-09-01,UEFA,NOR,22,1309
23,Greece,GRE,1270,1247,-5,2018-09-01,UEFA,GRC,23,1270
24,Slovenia,SVN,1267,1250,3,2018-09-01,UEFA,SVN,24,1267
25,Ireland,IRL,1255,1238,-1,2018-09-01,UEFA,IRL,25,1255
26,Bulgaria,BUL,1198,1216,-1,2018-09-01,UEFA,BGR,26,1198
1,France,FRA,1815,1830,-2,2018-12-01,UEFA,FRA,1,1815
2,England,ENG,1804,1801,4,2018-12-01,UEFA,ENG,2,1804
3,Belgium,BEL,1803,1826,5,2018-12-01,UEFA,BEL,3,1803
4,Netherlands,NED,1705,1693,-4,2018-12-01,UEFA,NLD,4,1705
5,Spain,ESP,1653,1648,-5,2018-12-01,UEFA,ESP,5,1653
6,Denmark,DEN,1641,1616,1,2018-12-01,UEFA,DNK,6,1641
7,Italy,ITA,1637,1636,-4,2018-12-01,UEFA,ITA,7,1637
8,Croatia,CRO,1627,1624,4,2018-12-01,UEFA,HRV,8,1627
9,Germany,GER,1621,1596,1,2018-12-01,UEFA,DEU,9,1621
10,Portugal,POR,1603,1593,-3,2018-12-01,UEFA,PRT,10,1603
11,Switzerland,SUI,1569,1553,0,2018-12-01,UEFA,CHE,11,1569
12,Serbia,SRB,1522,1530,3,2018-12-01,UEFA,SRB,12,1522
13,Poland,POL,1511,1513,-2,2018-12-01,UEFA,POL,13,1511
14,Sweden,SWE,1448,1429,4,2018-12-01,UEFA,SWE,14,1448
15,Austria,AUT,1437,1439,5,2018-12-01,UEFA,AUT,15,1437
16,Czech Republic,CZE,1432,1448,5,2018-12-01,UEFA,CZE,16,1432
17,Ukraine,UKR,1406,1387,5,2018-12-01,UEFA,UKR,17,1406
18,Romania,ROU,1394,1412,4,2018-12-01,UEFA,ROU,18,1394
19,Slovakia,SVK,1392,1382,-3,2018-12-01,UEFA,SVK,19,1392
20,Ireland,IRL,1383,1357,-1,2018-12-01,UEFA,IRL,20,1383
21,Hungary,HUN,1378,1354,-3,2018-12-01,UEFA,HUN,21,1378
22,Norway,NOR,1368,1375,-5,2018-12-01,UEFA,NOR,22,1368
23,Slovenia,SVN,1342,1353,5,2018-12-01,UEFA,SVN,23,1342
24,Bulgaria,BUL,1278,1250,-5,2018-12-01,UEFA,BGR,24,1278
25,Greece,GRE,1260,1234,5,2018-12-01,UEFA,GRC,25,1260
26,Finland,FIN,1226,1226,2,2018-12-01,UEFA,FIN,26,1226
1,France,FRA,1797,1804,3,2019-03-01,UEFA,FRA,1,1797
2,Belgium,BEL,1775,1803,4,2019-03-01,UEFA,BEL,2,1775
3,England,ENG,1744,1759,-4,2019-03-01,UEFA,ENG,3,1744
4,Spain,ESP,1717,1725,2,2019-03-01,UEFA,ESP,4,1717
5,Portugal,POR,1710,1713,3,2019-03-01,UEFA,PRT,5,1710
6,Italy,ITA,1671,1644,2,2019-03-01,UEFA,ITA,6,1671
7,Croatia,CRO,1669,1688,0,2019-03-01,UEFA,HRV,7,1669
8,Netherlands,NED,1643,1615,-2,2019-03-01,UEFA,NLD,8,1643
9,Switzerland,SUI,1625,1638,1,2019-03-01,UEFA,CHE,9,1625
10,Germany,GER,1622,1615,-1,2019-03-01,UEFA,DEU,10,1622
11,Denmark,DEN,1592,1566,0,2019-03-01,UEFA,DNK,11,1592
12,Sweden,SWE,1541,1535,5,2019-03-01,UEFA,SWE,12,1541
13,Austria,AUT,1482,1498,5,2019-03-01,UEFA,AUT,13,1482
14,Poland,POL,1461,1436,4,2019-03-01,UEFA,POL,14,1461
15,Czech Republic,CZE,1432,1421,5,2019-03-01,UEFA,CZE,15,1432
16,Ukraine,UKR,1419,1431,5,2019-03-01,UEFA,UKR,16,1419
17,Serbia,SRB,1411,1434,4,2019-03-01,UEFA,SRB,17,1411
18,Ireland,IRL,1383,1402,3,2019-03-01,UEFA,IRL,18,1383
19,Hungary,HUN,1351,1359,-4,2019-03-01,UEFA,HUN,19,1351
20,Greece,GRE,1339,1333,-3,2019-03-01,UEFA,GRC,20,1339
21,Norway,NOR,1337,1311,-1,2019-03-01,UEFA,NOR,21,1337
22,Finland,FIN,1333,1315,-2,2019-03-01,UEFA,FIN,22,1333
23,Slovenia,SVN,1328,1321,-5,2019-03-01,UEFA,SVN,23,1328
24,Slovakia,SVK,1311,1292,-2,2019-03-01,UEFA,SVK,24,1311
25,Romania,ROU,1299,1310,5,2019-03-01,UEFA,ROU,25,1299
26,Bulgaria,BUL,1172,1184,0,2019-03-01,UEFA,BGR,26,1172
1,France,FRA,1791,1763,1,2019-06-01,UEFA,FRA,1,1791
2,England,ENG,1751,1764,4,2019-06-01,UEFA,ENG,2,1751
3,Spain,ESP,1749,1733,3,2019-06-01,UEFA,ESP,3,1749
4,Portugal,POR,1726,1729,1,2019-06-01,UEFA,PRT,4,1726
5,Belgium,BEL,1720,1718,4,2019-06-01,UEFA,BEL,5,1720
6,Netherlands,NED,1717,1736,-1,2019-06-01,UEFA,NLD,6,1717
7,Italy,ITA,1712,1733,2,2019-06-01,UEFA,ITA,7,1712
8,Croatia,CRO,1629,1602,5,2019-06-01,UEFA,HRV,8,1629
9,Denmark,DEN,1602,1607,-4,2019-06-01,UEFA,DNK,9,1602
10,Germany,GER,1580,1601,4,2019-06-01,UEFA,DEU,10,1580
11,Switzerland,SUI,1514,1502,-4,2019-06-01,UEFA,CHE,11,1514
12,Austria,AUT,1487,1485,3,2019-06-01,UEFA,AUT,12,1487
13,Poland,POL,1487,1462,-2,2019-06-01,UEFA,POL,13,1487
14,Sweden,SWE,1458,1452,-4,2019-06-01,UEFA,SWE,14,1458
15,Ukraine,UKR,1444,1415,0,2019-06-01,UEFA,UKR,15,1444
16,Czech Republic,CZE,1432,1461,-5,2019-06-01,UEFA,CZE,16,1432
17,Serbia,SRB,1381,1358,2,2019-06-01,UEFA,SRB,17,1381
18,Ireland,IRL,1362,1339,-1,2019-06-01,UEFA,IRL,18,1362
19,Romania,ROU,1361,1381,-3,2019-06-01,UEFA,ROU,19,1361
20,Slovakia,SVK,1352,1350,4,2019-06-01,UEFA,SVK,20,1352
21,Norway,NOR,1336,1341,4,2019-06-01,UEFA,NOR,21,1336
22,Hungary,HUN,1331,1326,3,2019-06-01,UEFA,HUN,22,1331
23,Greece,GRE,1294,1304,4,2019-06-01,UEFA,GRC,23,1294
24,Bulgaria,BUL,1240,1217,-5,2019-06-01,UEFA,BGR,24,1240
25,Finland,FIN,1229,1200,-1,2019-06-01,UEFA,FIN,25,1229
26,Slovenia,SVN,1207,1195,2,2019-06-01,UEFA,SVN,26,1207
1,France,FRA,1810,1816,-2,2019-09-01,UEFA,FRA,1,1810
2,England,ENG,1791,1795,3,2019-09-01,UEFA,ENG,2,1791
3,Netherlands,NED,1740,1711,1,2019-09-01,UEFA,NLD,3,1740
4,Belgium,BEL,1734,1731,-5,2019-09-01,UEFA,BEL,4,1734
5,Spain,ESP,1696,1702,1,2019-09-01,UEFA,ESP,5,1696
6,Denmark,DEN,1655,1672,0,2019-09-01,UEFA,DNK,6,1655
7,Italy,ITA,1654,1657,0,2019-09-01,UEFA,ITA,7,1654
8,Portugal,POR,1609,1619,1,2019-09-01,UEFA,PRT,8,1609
9,Germany,GER,1593,1610,-5,2019-09-01,UEFA,DEU,9,1593
10,Croatia,CRO,1582,1574,-2,2019-09-01,UEFA,HRV,10,1582
11,Poland,POL,1498,1508,-3,2019-09-01,UEFA,POL,11,1498
12,Switzerland,SUI,1494,1486,3,2019-09-01,UEFA,CHE,12,1494
13,Ukraine,UKR,1488,1510,3,2019-09-01,UEFA,UKR,13,1488
14,Austria,AUT,1462,1485,5,2019-09-01,UEFA,AUT,14,1462
15,Serbia,SRB,1447,1423,-4,2019-09-01,UEFA,SRB,15,1447
16,Sweden,SWE,1408,1398,-1,2019-09-01,UEFA,SWE,16,1408
17,Hungary,HUN,1393,1375,-5,2019-09-01,UEFA,HUN,17,1393
18,Norway,NOR,1384,1365,2,2019-09-01,UEFA,NOR,18,1384
19,Czech Republic,CZE,1359,1374,2,2019-09-01,UEFA,CZE,19,1359
20,Ireland,IRL,1348,1377,3,2019-09-01,UEFA,IRL,20,1348
21,Romania,ROU,1340,1312,5,2019-09-01,UEFA,ROU,21,1340
22,Finland,FIN,1311,1328,2,2019-09-01,UEFA,FIN,22,1311
23,Slovakia,SVK,1301,1278,0,2019-09-01,UEFA,SVK,23,1301
24,Greece,GRE,1297,1305,-3,2019-09-01,UEFA,GRC,24,1297
25,Slovenia,SVN,1271,1263,-5,2019-09-01,UEFA,SVN,25,1271
26,Bulgaria,BUL,1184,1200,1,2019-09-01,UEFA,BGR,26,1184
1,England,ENG,1760,1753,3,2019-12-01,UEFA,ENG,1,1760
2,France,FRA,1754,1743,2,2019-12-01,UEFA,FRA,2,1754
3,Spain,ESP,1749,1721,0,2019-12-01,UEFA,ESP,3,1749
4,Croatia,CRO,1719,1698,5,2019-12-01,UEFA,HRV,4,1719
5,Italy,ITA,1703,1713,-5,2019-12-01,UEFA,ITA,5,1703
6,Belgium,BEL,1702,1716,2,2019-12-01,UEFA,BEL,6,1702
7,Switzerland,SUI,1629,1607,3,2019-12-01,UEFA,CHE,7,1629
8,Germany,GER,1622,1615,1,2019-12-01,UEFA,DEU,8,1622
9,Netherlands,NED,1606,1585,4,2019-12-01,UEFA,NLD,9,1606
10,Portugal,POR,1606,1584,-4,2019-12-01,UEFA,PRT,10,1606
11,Denmark,DEN,1601,1594,2,2019-12-01,UEFA,DNK,11,1601
12,Serbia,SRB,1521,1547,-4,2019-12-01,UEFA,SRB,12,1521
13,Austria,AUT,1519,1509,5,2019-12-01,UEFA,AUT,13,1519
14,Czech Republic,CZE,1470,1473,1,2019-12-01,UEFA,CZE,14,1470
15,Sweden,SWE,1452,1461,-1,2019-12-01,UEFA,SWE,15,1452
16,Poland,POL,1439,1416,-5,2019-12-01,UEFA,POL,16,1439
17,Ukraine,UKR,1438,1415,-3,2019-12-01,UEFA,UKR,17,1438
18,Romania,ROU,1391,1372,2,2019-12-01,UEFA,ROU,18,1391
19,Norway,NOR,1390,1392,-2,2019-12-01,UEFA,NOR,19,1390
20,Hungary,HUN,1385,1404,-1,2019-12-01,UEFA,HUN,20,1385
21,Slovakia,SVK,1372,1376,-1,2019-12-01,UEFA,SVK,21,1372
22,Greece,GRE,1306,1327,3,2019-12-01,UEFA,GRC,22,1306
23,Ireland,IRL,1305,1325,-3,2019-12-01,UEFA,IRL,23,1305
24,Bulgaria,BUL,1289,1260,0,2019-12-01,UEFA,BGR,24,1289
25,Slovenia,SVN,1279,1291,0,2019-12-01,UEFA,SVN,25,1279
26,Finland,FIN,1249,1264,5,2019-12-01,UEFA,FIN,26,1249
1,Belgium,BEL,1765,1784,1,2020-03-01,UEFA,BEL,1,1765
2,France,FRA,1758,1753,2,2020-03-01,UEFA,FRA,2,1758
3,Italy,ITA,1748,1747,5,2020-03-01,UEFA,ITA,3,1748
4,England,ENG,1745,1723,3,2020-03-01,UEFA,ENG,4,1745
5,Spain,ESP,1667,1657,5,2020-03-01,UEFA,ESP,5,1667
6,Croatia,CRO,1653,1683,3,2020-03-01,UEFA,HRV,6,1653
7,Netherlands,NED,1632,1629,3,2020-03-01,UEFA,NLD,7,1632
8,Portugal,POR,1629,1632,-3,2020-03-01,UEFA,PRT,8,1629
9,Germany,GER,1571,1551,0,2020-03-01,UEFA,DEU,9,1571
10,Austria,AUT,1546,1557,-3,2020-03-01,UEFA,AUT,10,1546
11,Ukraine,UKR,1545,1555,-5,2020-03-01,UEFA,UKR,11,1545
12,Denmark,DEN,1527,1513,-2,2020-03-01,UEFA,DNK,12,1527
13,Switzerland,SUI,1515,1525,-1,2020-03-01,UEFA,CHE,13,1515
14,Czech Republic,CZE,1487,1459,-5,2020-03-01,UEFA,CZE,14,1487
15,Serbia,SRB,1484,1461,-1,2020-03-01,UEFA,SRB,15,1484
16,Sweden,SWE,1451,1470,4,2020-03-01,UEFA,SWE,16,1451
17,Romania,ROU,1436,1440,-1,2020-03-01,UEFA,ROU,17,1436
18,Poland,POL,1419,1431,4,2020-03-01,UEFA,POL,18,1419
19,Norway,NOR,1416,1399,0,2020-03-01,UEFA,NOR,19,1416
20,Ireland,IRL,1334,1359,0,2020-03-01,UEFA,IRL,20,1334
21,Greece,GRE,1330,1306,0,2020-03-01,UEFA,GRC,21,1330
22,Hungary,HUN,1329,1359,5,2020-03-01,UEFA,HUN,22,1329
23,Slovenia,SVN,1321,1306,5,2020-03-01,UEFA,SVN,23,1321
24,Slovakia,SVK,1308,1307,-4,2020-03-01,UEFA,SVK,24,1308
25,Bulgaria,BUL,1265,1243,0,2020-03-01,UEFA,BGR,25,1265
26,Finland,FIN,1249,1247,1,2020-03-01,UEFA,FIN,26,1249
1,Italy,ITA,1780,1796,0,2020-06-01,UEFA,ITA,1,1780
2,France,FRA,1742,1721,-4,2020-06-01,UEFA,FRA,2,1742
3,Belgium,BEL,1734,1764,1,2020-06-01,UEFA,BEL,3,1734
4,Netherlands,NED,1726,1752,-1,2020-06-01,UEFA,NLD,4,1726
5,Spain,ESP,1698,1723,-3,2020-06-01,UEFA,ESP,5,1698
6,England,ENG,1697,1698,3,2020-06-01,UEFA,ENG,6,1697
7,Denmark,DEN,1659,1685,5,2020-06-01,UEFA,DNK,7,1659
8,Germany,GER,1646,1631,-2,2020-06-01,UEFA,DEU,8,1646
9,Portugal,POR,1603,1578,1,2020-06-01,UEFA,PRT,9,1603
10,Croatia,CRO,1577,1550,-1,2020-06-01,UEFA,HRV,10,1577
11,Switzerland,SUI,1556,1560,-5,2020-06-01,UEFA,CHE,11,1556
12,Ukraine,UKR,1546,1559,4,2020-06-01,UEFA,UKR,12,1546
13,Austria,AUT,1528,1506,-1,2020-06-01,UEFA,AUT,13,1528
14,Serbia,SRB,1516,1507,3,2020-06-01,UEFA,SRB,14,1516
15,Sweden,SWE,1496,1498,2,2020-06-01,UEFA,SWE,15,1496
16,Poland,POL,1479,1472,-5,2020-06-01,UEFA,POL,16,1479
17,Hungary,HUN,1410,1415,-1,2020-06-01,UEFA,HUN,17,1410
18,Ireland,IRL,1386,1385,-3,2020-06-01,UEFA,IRL,18,1386
19,Czech Republic,CZE,1356,1362,3,2020-06-01,UEFA,CZE,19,1356
20,Finland,FIN,1337,1309,-5,2020-06-01,UEFA,FIN,20,1337
21,Norway,NOR,1333,1348,0,2020-06-01,UEFA,NOR,21,1333
22,Romania,ROU,1308,1284,1,2020-06-01,UEFA,ROU,22,1308
23,Slovenia,SVN,1284,1289,0,2020-06-01,UEFA,SVN,23,1284
24,Slovakia,SVK,1282,1290,3,2020-06-01,UEFA,SVK,24,1282
25,Greece,GRE,1228,1223,4,2020-06-01,UEFA,GRC,25,1228
26,Bulgaria,BUL,1198,1188,4,2020-06-01,UEFA,BGR,26,1198
1,France,FRA,1815,1816,4,2020-09-01,UEFA,FRA,1,1815
2,England,ENG,1809,1809,-1,2020-09-01,UEFA,ENG,2,1809
3,Italy,ITA,1782,1771,5,2020-09-01,UEFA,ITA,3,1782
4,Belgium,BEL,1781,1803,-5,2020-09-01,UEFA,BEL,4,1781
5,Portugal,POR,1732,1742,4,2020-09-01,UEFA,PRT,5,1732
6,Spain,ESP,1719,1732,-4,2020-09-01,UEFA,ESP,6,1719
7,Netherlands,NED,1612,1619,2,2020-09-01,UEFA,NLD,7,1612
8,Croatia,CRO,1573,1579,-4,2020-09-01,UEFA,HRV,8,1573
9,Germany,GER,1566,1588,5,2020-09-01,UEFA,DEU,9,1566
10,Austria,AUT,1546,1565,4,2020-09-01,UEFA,AUT,10,1546
11,Ukraine,UKR,1526,1518,5,2020-09-01,UEFA,UKR,11,1526
12,Switzerland,SUI,1521,1517,-2,2020-09-01,UEFA,CHE,12,1521
13,Sweden,SWE,1515,1543,3,2020-09-01,UEFA,SWE,13,1515
14,Denmark,DEN,1511,1509,0,2020-09-01,UEFA,DNK,14,1511
15,Serbia,SRB,1453,1482,2,2020-09-01,UEFA,SRB,15,1453
16,Hungary,HUN,1452,1446,0,2020-09-01,UEFA,HUN,16,1452
17,Norway,NOR,1441,1470,-1,2020-09-01,UEFA,NOR,17,1441
18,Romania,ROU,1432,1432,-2,2020-09-01,UEFA,ROU,18,1432
19,Czech Republic,CZE,1396,1401,0,2020-09-01,UEFA,CZE,19,1396
20,Poland,POL,1391,1406,-3,2020-09-01,UEFA,POL,20,1391
21,Finland,FIN,1334,1324,2,2020-09-01,UEFA,FIN,21,1334
22,Slovakia,SVK,1308,1327,-1,2020-09-01,UEFA,SVK,22,1308
23,Ireland,IRL,1285,1291,5,2020-09-01,UEFA,IRL,23,1285
24,Slovenia,SVN,1269,1274,-1,2020-09-01,UEFA,SVN,24,1269
25,Bulgaria,BUL,1264,1286,0,2020-09-01,UEFA,BGR,25,1264
26,Greece,GRE,1261,1233,-1,2020-09-01,UEFA,GRC,26,1261
1,Belgium,BEL,1803,1817,-1,2020-12-01,UEFA,BEL,1,1803
2,France,FRA,1801,1784,-2,2020-12-01,UEFA,FRA,2,1801
3,England,ENG,1714,1724,-2,2020-12-01,UEFA,ENG,3,1714
4,Italy,ITA,1695,1668,5,2020-12-01,UEFA,ITA,4,1695
5,Croatia,CRO,1686,1686,5,2020-12-01,UEFA,HRV,5,1686
6,Germany,GER,1669,1698,-3,2020-12-01,UEFA,DEU,6,1669
7,Spain,ESP,1662,1671,4,2020-12-01,UEFA,ESP,7,1662
8,Netherlands,NED,1624,1620,0,2020-12-01,UEFA,NLD,8,1624
9,Portugal,POR,1623,1636,-3,2020-12-01,UEFA,PRT,9,1623
10,Denmark,DEN,1580,1570,-1,2020-12-01,UEFA,DNK,10,1580
11,Austria,AUT,1554,1571,-5,2020-12-01,UEFA,AUT,11,1554
12,Switzerland,SUI,1505,1516,4,2020-12-01,UEFA,CHE,12,1505
13,Poland,POL,1482,1508,-3,2020-12-01,UEFA,POL,13,1482
14,Sweden,SWE,1474,1480,4,2020-12-01,UEFA,SWE,14,1474
15,Ukraine,UKR,1472,1460,2,2020-12-01,UEFA,UKR,15,1472
16,Czech Republic,CZE,1444,1464,2,2020-12-01,UEFA,CZE,16,1444
17,Norway,NOR,1443,1456,-2,2020-12-01,UEFA,NOR,17,1443
18,Ireland,IRL,1410,1434,5,2020-12-01,UEFA,IRL,18,1410
19,Romania,ROU,1402,1428,-3,2020-12-01,UEFA,ROU,19,1402
20,Serbia,SRB,1400,1400,0,2020-12-01,UEFA,SRB,20,1400
21,Hungary,HUN,1392,1418,-5,2020-12-01,UEFA,HUN,21,1392
22,Slovenia,SVN,1317,1304,-2,2020-12-01,UEFA,SVN,22,1317
23,Slovakia,SVK,1316,1296,2,2020-12-01,UEFA,SVK,23,1316
24,Greece,GRE,1289,1301,-4,2020-12-01,UEFA,GRC,24,1289
25,Bulgaria,BUL,1272,1274,0,2020-12-01,UEFA,BGR,25,1272
26,Finland,FIN,1256,1226,0,2020-12-01,UEFA,FIN,26,1256
1,Belgium,BEL,1774,1792,-1,2021-03-01,UEFA,BEL,1,1774
2,Spain,ESP,1712,1719,4,2021-03-01,UEFA,ESP,2,1712
3,Italy,ITA,1699,1710,0,2021-03-01,UEFA,ITA,3,1699
4,France,FRA,1680,1666,1,2021-03-01,UEFA,FRA,4,1680
5,Netherlands,NED,1677,1657,1,2021-03-01,UEFA,NLD,5,1677
6,Portugal,POR,1677,1691,-4,2021-03-01,UEFA,PRT,6,1677
7,England,ENG,1672,1684,-4,2021-03-01,UEFA,ENG,7,1672
8,Denmark,DEN,1662,1655,1,2021-03-01,UEFA,DNK,8,1662
9,Germany,GER,1623,1632,-2,2021-03-01,UEFA,DEU,9,1623
10,Switzerland,SUI,1620,1641,5,2021-03-01,UEFA,CHE,10,1620
11,Croatia,CRO,1599,1599,-3,2021-03-01,UEFA,HRV,11,1599
12,Poland,POL,1510,1508,3,2021-03-01,UEFA,POL,12,1510
13,Austria,AUT,1481,1494,4,2021-03-01,UEFA,AUT,13,1481
14,Sweden,SWE,1449,1455,3,2021-03-01,UEFA,SWE,14,1449
15,Norway,NOR,1441,1440,5,2021-03-01,UEFA,NOR,15,1441
16,Ukraine,UKR,1429,1419,3,2021-03-01,UEFA,UKR,16,1429
17,Serbia,SRB,1382,1411,2,2021-03-01,UEFA,SRB,17,1382
18,Czech Republic,CZE,1362,1390,4,2021-03-01,UEFA,CZE,18,1362
19,Hungary,HUN,1333,1356,3,2021-03-01,UEFA,HUN,19,1333
20,Finland,FIN,1315,1314,4,2021-03-01,UEFA,FIN,20,1315
21,Romania,ROU,1305,1318,-2,2021-03-01,UEFA,ROU,21,1305
22,Greece,GRE,1295,1287,-4,2021-03-01,UEFA,GRC,22,1295
23,Ireland,IRL,1259,1254,-1,2021-03-01,UEFA,IRL,23,1259
24,Slovakia,SVK,1246,1245,-3,2021-03-01,UEFA,SVK,24,1246
25,Slovenia,SVN,1221,1248,3,2021-03-01,UEFA,SVN,25,1221
26,Bulgaria,BUL,1218,1225,-4,2021-03-01,UEFA,BGR,26,1218
1,England,ENG,1792,1770,-2,2021-06-01,UEFA,ENG,1,1792
2,Belgium,BEL,1767,1760,1,2021-06-01,UEFA,BEL,2,1767
3,France,FRA,1752,1748,-3,2021-06-01,UEFA,FRA,3,1752
4,Portugal,POR,1734,1728,-2,2021-06-01,UEFA,PRT,4,1734
5,Spain,ESP,1731,1725,-4,2021-06-01,UEFA,ESP,5,1731
6,Italy,ITA,1722,1699,-3,2021-06-01,UEFA,ITA,6,1722
7,Germany,GER,1646,1638,-3,2021-06-01,UEFA,DEU,7,1646
8,Denmark,DEN,1614,1623,-5,2021-06-01,UEFA,DNK,8,1614
9,Croatia,CRO,1613,1642,-4,2021-06-01,UEFA,HRV,9,1613
10,Netherlands,NED,1604,1593,2,2021-06-01,UEFA,NLD,10,1604
11,Switzerland,SUI,1535,1509,-4,2021-06-01,UEFA,CHE,11,1535
12,Ukraine,UKR,1534,1542,5,2021-06-01,UEFA,UKR,12,1534
13,Austria,AUT,1532,1540,5,2021-06-01,UEFA,AUT,13,1532
14,Sweden,SWE,1457,1479,4,2021-06-01,UEFA,SWE,14,1457
15,Czech Republic,CZE,1455,1439,3,2021-06-01,UEFA,CZE,15,1455
16,Serbia,SRB,1441,1465,-3,2021-06-01,UEFA,SRB,16,1441
17,Poland,POL,1438,1455,-5,2021-06-01,UEFA,POL,17,1438
18,Ireland,IRL,1388,1378,1,2021-06-01,UEFA,IRL,18,1388
19,Finland,FIN,1369,1382,1,2021-06-01,UEFA,FIN,19,1369
20,Romania,ROU,1336,1325,-3,2021-06-01,UEFA,ROU,20,1336
21,Hungary,HUN,1332,1310,3,2021-06-01,UEFA,HUN,21,1332
22,Greece,GRE,1324,1324,-2,2021-06-01,UEFA,GRC,22,1324
23,Norway,NOR,1310,1302,5,2021-06-01,UEFA,NOR,23,1310
24,Slovenia,SVN,1254,1250,-1,2021-06-01,UEFA,SVN,24,1254
25,Slovakia,SVK,1247,1252,4,2021-06-01,UEFA,SVK,25,1247
26,Bulgaria,BUL,1201,1190,1,2021-06-01,UEFA,BGR,26,1201
1,Belgium,BEL,1802,1805,-3,2021-09-01,UEFA,BEL,1,1802
2,England,ENG,1725,1729,-2,2021-09-01,UEFA,ENG,2,1725
3,Italy,ITA,1713,1742,2,2021-09-01,UEFA,ITA,3,1713
4,Spain,ESP,1697,1683,-2,2021-09-01,UEFA,ESP,4,1697
5,France,FRA,1693,1698,1,2021-09-01,UEFA,FRA,5,1693
6,Netherlands,NED,1667,1661,5,2021-09-01,UEFA,NLD,6,1667
7,Germany,GER,1651,1634,0,2021-09-01,UEFA,DEU,7,1651
8,Denmark,DEN,1629,1657,-2,2021-09-01,UEFA,DNK,8,1629
9,Portugal,POR,1616,1598,4,2021-09-01,UEFA,PRT,9,1616
10,Switzerland,SUI,1584,1612,-2,2021-09-01,UEFA,CHE,10,1584
11,Croatia,CRO,1568,1551,-2,2021-09-01,UEFA,HRV,11,1568
12,Austria,AUT,1490,1484,2,2021-09-01,UEFA,AUT,12,1490
13,Sweden,SWE,1478,1474,-5,2021-09-01,UEFA,SWE,13,1478
14,Czech Republic,CZE,1470,1469,-4,2021-09-01,UEFA,CZE,14,1470
15,Poland,POL,1454,1440,0,2021-09-01,UEFA,POL,15,1454
16,Ukraine,UKR,1424,1395,-1,2021-09-01,UEFA,UKR,16,1424
17,Norway,NOR,1415,1395,0,2021-09-01,UEFA,NOR,17,1415
18,Hungary,HUN,1399,1427,-2,2021-09-01,UEFA,HUN,18,1399
19,Serbia,SRB,1366,1362,-3,2021-09-01,UEFA,SRB,19,1366
20,Slovakia,SVK,1359,1364,5,2021-09-01,UEFA,SVK,20,1359
21,Romania,ROU,1351,1330,-2,2021-09-01,UEFA,ROU,21,1351
22,Greece,GRE,1321,1293,-4,2021-09-01,UEFA,GRC,22,1321
23,Ireland,IRL,1289,1305,3,2021-09-01,UEFA,IRL,23,1289
24,Finland,FIN,1274,1292,2,2021-09-01,UEFA,FIN,24,1274
25,Slovenia,SVN,1256,1250,4,2021-09-01,UEFA,SVN,25,1256
26,Bulgaria,BUL,1210,1238,3,2021-09-01,UEFA,BGR,26,1210
1,Italy,ITA,1757,1728,-5,2021-12-01,UEFA,ITA,1,1757
2,Netherlands,NED,1736,1724,-5,2021-12-01,UEFA,NLD,2,1736
3,Belgium,BEL,1715,1717,2,2021-12-01,UEFA,BEL,3,1715
4,Portugal,POR,1708,1729,-3,2021-12-01,UEFA,PRT,4,1708
5,France,FRA,1696,1711,-3,2021-12-01,UEFA,FRA,5,1696
6,England,ENG,1660,1631,3,2021-12-01,UEFA,ENG,6,1660
7,Spain,ESP,1650,1659,5,2021-12-01,UEFA,ESP,7,1650
8,Croatia,CRO,1614,1623,3,2021-12-01,UEFA,HRV,8,1614
9,Denmark,DEN,1597,1584,1,2021-12-01,UEFA,DNK,9,1597
10,Switzerland,SUI,1578,1573,2,2021-12-01,UEFA,CHE,10,1578
11,Germany,GER,1553,1556,-3,2021-12-01,UEFA,DEU,11,1553
12,Ukraine,UKR,1531,1555,-4,2021-12-01,UEFA,UKR,12,1531
13,Sweden,SWE,1525,1549,1,2021-12-01,UEFA,SWE,13,1525
14,Serbia,SRB,1493,1510,0,2021-12-01,UEFA,SRB,14,1493
15,Austria,AUT,1475,1464,5,2021-12-01,UEFA,AUT,15,1475
16,Czech Republic,CZE,1439,1444,2,2021-12-01,UEFA,CZE,16,1439
17,Poland,POL,1384,1359,1,2021-12-01,UEFA,POL,17,1384
18,Slovakia,SVK,1371,1377,5,2021-12-01,UEFA,SVK,18,1371
19,Norway,NOR,1351,1358,-3,2021-12-01,UEFA,NOR,19,1351
20,Hungary,HUN,1320,1334,-3,2021-12-01,UEFA,HUN,20,1320
21,Bulgaria,BUL,1308,1331,1,2021-12-01,UEFA,BGR,21,1308
22,Romania,ROU,1286,1270,-2,2021-12-01,UEFA,ROU,22,1286
23,Greece,GRE,1285,1303,-3,2021-12-01,UEFA,GRC,23,1285
24,Ireland,IRL,1273,1262,-3,2021-12-01,UEFA,IRL,24,1273
25,Slovenia,SVN,1267,1239,-4,2021-12-01,UEFA,SVN,25,1267
26,Finland,FIN,1254,1283,0,2021-12-01,UEFA,FIN,26,1254
1,England,ENG,1798,1828,1,2022-03-01,UEFA,ENG,1,1798
2,Italy,ITA,1748,1749,-2,2022-03-01,UEFA,ITA,2,1748
3,Belgium,BEL,1747,1755,4,2022-03-01,UEFA,BEL,3,1747
4,Spain,ESP,1718,1689,5,2022-03-01,UEFA,ESP,4,1718
5,France,FRA,1704,1701,-2,2022-03-01,UEFA,FRA,5,1704
6,Netherlands,NED,1646,1659,4,2022-03-01,UEFA,NLD,6,1646
7,Croatia,CRO,1633,1612,1,2022-03-01,UEFA,HRV,7,1633
8,Portugal,POR,1619,1638,4,2022-03-01,UEFA,PRT,8,1619
9,Denmark,DEN,1606,1596,0,2022-03-01,UEFA,DNK,9,1606
10,Germany,GER,1592,1607,-4,2022-03-01,UEFA,DEU,10,1592
11,Austria,AUT,1510,1528,-1,2022-03-01,UEFA,AUT,11,1510
12,Switzerland,SUI,1506,1476,-1,2022-03-01,UEFA,CHE,12,1506
13,Sweden,SWE,1488,1493,-4,2022-03-01,UEFA,SWE,13,1488
14,Ukraine,UKR,1485,1455,-1,2022-03-01,UEFA,UKR,14,1485
15,Czech Republic,CZE,1457,1462,3,2022-03-01,UEFA,CZE,15,1457
16,Hungary,HUN,1422,1398,-5,2022-03-01,UEFA,HUN,16,1422
17,Poland,POL,1409,1384,-3,2022-03-01,UEFA,POL,17,1409
18,Serbia,SRB,1392,1370,-1,2022-03-01,UEFA,SRB,18,1392
19,Romania,ROU,1375,1394,-4,2022-03-01,UEFA,ROU,19,1375
20,Slovenia,SVN,1344,1347,-3,2022-03-01,UEFA,SVN,20,1344
21,Norway,NOR,1340,1337,-1,2022-03-01,UEFA,NOR,21,1340
22,Greece,GRE,1339,1348,-2,2022-03-01,UEFA,GRC,22,1339
23,Ireland,IRL,1330,1330,-4,2022-03-01,UEFA,IRL,23,1330
24,Finland,FIN,1277,1278,-3,2022-03-01,UEFA,FIN,24,1277
25,Slovakia,SVK,1275,1253,-1,2022-03-01,UEFA,SVK,25,1275
26,Bulgaria,BUL,1227,1257,-2,2022-03-01,UEFA,BGR,26,1227
1,Spain,ESP,1787,1765,-1,2022-06-01,UEFA,ESP,1,1787
2,Italy,ITA,1787,1817,-2,2022-06-01,UEFA,ITA,2,1787
3,France,FRA,1780,1771,4,2022-06-01,UEFA,FRA,3,1780
4,Portugal,POR,1745,1765,-2,2022-06-01,UEFA,PRT,4,1745
5,Belgium,BEL,1744,1742,0,2022-06-01,UEFA,BEL,5,1744
6,England,ENG,1737,1718,1,2022-06-01,UEFA,ENG,6,1737
7,Netherlands,NED,1673,1690,5,2022-06-01,UEFA,NLD,7,1673
8,Denmark,DEN,1658,1662,-3,2022-06-01,UEFA,DNK,8,1658
9,Germany,GER,1625,1612,1,2022-06-01,UEFA,DEU,9,1625
10,Switzerland,SUI,1601,1631,-2,2022-06-01,UEFA,CHE,10,1601
11,Croatia,CRO,1594,1623,4,2022-06-01,UEFA,HRV,11,1594
12,Ukraine,UKR,1523,1525,1,2022-06-01,UEFA,UKR,12,1523
13,Serbia,SRB,1515,1529,3,2022-06-01,UEFA,SRB,13,1515
14,Sweden,SWE,1512,1520,2,2022-06-01,UEFA,SWE,14,1512
15,Poland,POL,1503,1481,5,2022-06-01,UEFA,POL,15,1503
16,Austria,AUT,1492,1515,-4,2022-06-01,UEFA,AUT,16,1492
17,Hungary,HUN,1426,1446,1,2022-06-01,UEFA,HUN,17,1426
18,Czech Republic,CZE,1404,1390,5,2022-06-01,UEFA,CZE,18,1404
19,Norway,NOR,1382,1402,1,2022-06-01,UEFA,NOR,19,1382
20,Romania,ROU,1368,1382,3,2022-06-01,UEFA,ROU,20,1368
21,Finland,FIN,1353,1364,5,2022-06-01,UEFA,FIN,21,1353
22,Greece,GRE,1301,1294,1,2022-06-01,UEFA,GRC,22,1301
23,Bulgaria,BUL,1293,1310,3,2022-06-01,UEFA,BGR,23,1293
24,Slovakia,SVK,1274,1285,4,2022-06-01,UEFA,SVK,24,1274
25,Ireland,IRL,1256,1232,-1,2022-06-01,UEFA,IRL,25,1256
26,Slovenia,SVN,1225,1244,-2,2022-06-01,UEFA,SVN,26,1225
1,England,ENG,1780,1772,2,2022-09-01,UEFA,ENG,1,1780
2,France,FRA,1767,1738,2,2022-09-01,UEFA,FRA,2,1767
3,Italy,ITA,1749,1769,-2,2022-09-01,UEFA,ITA,3,1749
4,Belgium,BEL,1735,1731,-4,2022-09-01,UEFA,BEL,4,1735
5,Netherlands,NED,1711,1727,2,2022-09-01,UEFA,NLD,5,1711
6,Spain,ESP,1671,1663,-1,2022-09-01,UEFA,ESP,6,1671
7,Switzerland,SUI,1626,1623,2,2022-09-01,UEFA,CHE,7,1626
8,Portugal,POR,1615,1604,-5,2022-09-01,UEFA,PRT,8,1615
9,Croatia,CRO,1607,1636,-2,2022-09-01,UEFA,HRV,9,1607
10,Denmark,DEN,1551,1556,-3,2022-09-01,UEFA,DNK,10,1551
11,Germany,GER,1534,1558,0,2022-09-01,UEFA,DEU,11,1534
12,Ukraine,UKR,1524,1505,0,2022-09-01,UEFA,UKR,12,1524
13,Austria,AUT,1521,1531,-3,2022-09-01,UEFA,AUT,13,1521
14,Serbia,SRB,1495,1489,1,2022-09-01,UEFA,SRB,14,1495
15,Poland,POL,1486,1481,-5,2022-09-01,UEFA,POL,15,1486
16,Sweden,SWE,1469,1487,-4,2022-09-01,UEFA,SWE,16,1469
17,Czech Republic,CZE,1458,1465,1,2022-09-01,UEFA,CZE,17,1458
18,Norway,NOR,1415,1424,-3,2022-09-01,UEFA,NOR,18,1415
19,Ireland,IRL,1411,1418,-4,2022-09-01,UEFA,IRL,19,1411
20,Slovakia,SVK,1384,1378,4,2022-09-01,UEFA,SVK,20,1384
21,Finland,FIN,1359,1336,0,2022-09-01,UEFA,FIN,21,1359
22,Romania,ROU,1326,1325,-4,2022-09-01,UEFA,ROU,22,1326
23,Slovenia,SVN,1323,1326,5,2022-09-01,UEFA,SVN,23,1323
24,Hungary,HUN,1319,1334,-2,2022-09-01,UEFA,HUN,24,1319
25,Bulgaria,BUL,1243,1220,-2,2022-09-01,UEFA,BGR,25,1243
26,Greece,GRE,1216,1197,0,2022-09-01,UEFA,GRC,26,1216
1,France,FRA,1826,1820,1,2022-12-01,UEFA,FRA,1,1826
2,England,ENG,1815,1788,0,2022-12-01,UEFA,ENG,2,1815
3,Belgium,BEL,1784,1794,3,2022-12-01,UEFA,BEL,3,1784
4,Spain,ESP,1777,1757,2,2022-12-01,UEFA,ESP,4,1777
5,Portugal,POR,1741,1743,5,2022-12-01,UEFA,PRT,5,1741
6,Netherlands,NED,1723,1701,-2,2022-12-01,UEFA,NLD,6,1723
7,Croatia,CRO,1678,1679,-3,2022-12-01,UEFA,HRV,7,1678
8,Italy,ITA,1668,1649,0,2022-12-01,UEFA,ITA,8,1668
9,Denmark,DEN,1651,1622,-2,2022-12-01,UEFA,DNK,9,1651
10,Germany,GER,1633,1646,2,2022-12-01,UEFA,DEU,10,1633
11,Sweden,SWE,1537,1520,1,2022-12-01,UEFA,SWE,11,1537
12,Poland,POL,1516,1518,-4,2022-12-01,UEFA,POL,12,1516
13,Switzerland,SUI,1491,1478,-2,2022-12-01,UEFA,CHE,13,1491
14,Austria,AUT,1461,1480,2,2022-12-01,UEFA,AUT,14,1461
15,Hungary,HUN,1456,1478,-5,2022-12-01,UEFA,HUN,15,1456
16,Ukraine,UKR,1450,1439,-5,2022-12-01,UEFA,UKR,16,1450
17,Czech Republic,CZE,1411,1430,3,2022-12-01,UEFA,CZE,17,1411
18,Serbia,SRB,1399,1417,1,2022-12-01,UEFA,SRB,18,1399
19,Ireland,IRL,1390,1377,4,2022-12-01,UEFA,IRL,19,1390
20,Slovakia,SVK,1382,1396,0,2022-12-01,UEFA,SVK,20,1382
21,Norway,NOR,1350,1371,-5,2022-12-01,UEFA,NOR,21,1350
22,Romania,ROU,1343,1335,-4,2022-12-01,UEFA,ROU,22,1343
23,Greece,GRE,1333,1320,3,2022-12-01,UEFA,GRC,23,1333
24,Finland,FIN,1251,1260,-3,2022-12-01,UEFA,FIN,24,1251
25,Bulgaria,BUL,1245,1260,-1,2022-12-01,UEFA,BGR,25,1245
26,Slovenia,SVN,1228,1247,-2,2022-12-01,UEFA,SVN,26,1228
1,England,ENG,1817,1813,1,2023-03-01,UEFA,ENG,1,1817
2,Italy,ITA,1758,1737,4,2023-03-01,UEFA,ITA,2,1758
3,France,FRA,1749,1774,5,2023-03-01,UEFA,FRA,3,1749
4,Portugal,POR,1729,1746,-1,2023-03-01,UEFA,PRT,4,1729
5,Croatia,CRO,1713,1683,-4,2023-03-01,UEFA,HRV,5,1713
6,Spain,ESP,1698,1716,5,2023-03-01,UEFA,ESP,6,1698
7,Belgium,BEL,1693,1678,-3,2023-03-01,UEFA,BEL,7,1693
8,Germany,GER,1645,1675,2,2023-03-01,UEFA,DEU,8,1645
9,Netherlands,NED,1618,1628,-4,2023-03-01,UEFA,NLD,9,1618
10,Denmark,DEN,1598,1622,-4,2023-03-01,UEFA,DNK,10,1598
11,Switzerland,SUI,1538,1535,-2,2023-03-01,UEFA,CHE,11,1538
12,Poland,POL,1516,1522,-3,2023-03-01,UEFA,POL,12,1516
13,Ukraine,UKR,1503,1473,1,2023-03-01,UEFA,UKR,13,1503
14,Austria,AUT,1486,1476,-1,2023-03-01,UEFA,AUT,14,1486
15,Czech Republic,CZE,1430,1457,5,2023-03-01,UEFA,CZE,15,1430
16,Sweden,SWE,1402,1379,-3,2023-03-01,UEFA,SWE,16,1402
17,Serbia,SRB,1367,1381,0,2023-03-01,UEFA,SRB,17,1367
18,Norway,NOR,1357,1354,5,2023-03-01,UEFA,NOR,18,1357
19,Hungary,HUN,1329,1305,5,2023-03-01,UEFA,HUN,19,1329
20,Slovakia,SVK,1324,1310,-4,2023-03-01,UEFA,SVK,20,1324
21,Greece,GRE,1319,1332,2,2023-03-01,UEFA,GRC,21,1319
22,Romania,ROU,1309,1335,5,2023-03-01,UEFA,ROU,22,1309
23,Ireland,IRL,1278,1248,-2,2023-03-01,UEFA,IRL,23,1278
24,Finland,FIN,1251,1224,1,2023-03-01,UEFA,FIN,24,1251
25,Slovenia,SVN,1238,1263,-1,2023-03-01,UEFA,SVN,25,1238
26,Bulgaria,BUL,1182,1160,4,2023-03-01,UEFA,BGR,26,1182
1,France,FRA,1787,1801,-3,2023-06-01,UEFA,FRA,1,1787
2,Netherlands,NED,1755,1766,-3,2023-06-01,UEFA,NLD,2,1755
3,Italy,ITA,1709,1687,1,2023-06-01,UEFA,ITA,3,1709
4,England,ENG,1693,1667,3,2023-06-01,UEFA,ENG,4,1693
5,Portugal,POR,1687,1703,-2,2023-06-01,UEFA,PRT,5,1687
6,Belgium,BEL,1678,1662,1,2023-06-01,UEFA,BEL,6,1678
7,Spain,ESP,1661,1637,0,2023-06-01,UEFA,ESP,7,1661
8,Germany,GER,1634,1643,5,2023-06-01,UEFA,DEU,8,1634
9,Croatia,CRO,1620,1595,-4,2023-06-01,UEFA,HRV,9,1620
10,Switzerland,SUI,1592,1582,-3,2023-06-01,UEFA,CHE,10,1592
11,Denmark,DEN,1538,1545,1,2023-06-01,UEFA,DNK,11,1538
12,Poland,POL,1517,1525,4,2023-06-01,UEFA,POL,12,1517
13,Serbia,SRB,1494,1482,5,2023-06-01,UEFA,SRB,13,1494
14,Austria,AUT,1488,1499,-4,2023-06-01,UEFA,AUT,14,1488
15,Sweden,SWE,1446,1463,1,2023-06-01,UEFA,SWE,15,1446
16,Ukraine,UKR,1400,1420,-2,2023-06-01,UEFA,UKR,16,1400
17,Norway,NOR,1391,1395,5,2023-06-01,UEFA,NOR,17,1391
18,Romania,ROU,1374,1351,-2,2023-06-01,UEFA,ROU,18,1374
19,Ireland,IRL,1374,1393,-4,2023-06-01,UEFA,IRL,19,1374
20,Hungary,HUN,1370,1373,4,2023-06-01,UEFA,HUN,20,1370
21,Slovenia,SVN,1350,1324,3,2023-06-01,UEFA,SVN,21,1350
22,Czech Republic,CZE,1349,1373,5,2023-06-01,UEFA,CZE,22,1349
23,Slovakia,SVK,1324,1353,0,2023-06-01,UEFA,SVK,23,1324
24,Bulgaria,BUL,1313,1287,-5,2023-06-01,UEFA,BGR,24,1313
25,Finland,FIN,1308,1333,4,2023-06-01,UEFA,FIN,25,1308
26,Greece,GRE,1242,1214,-5,2023-06-01,UEFA,GRC,26,1242
1,Belgium,BEL,1797,1801,4,2023-09-01,UEFA,BEL,1,1797
2,England,ENG,1794,1784,1,2023-09-01,UEFA,ENG,2,1794
3,France,FRA,1785,1782,1,2023-09-01,UEFA,FRA,3,1785
4,Italy,ITA,1763,1791,-2,2023-09-01,UEFA,ITA,4,1763
5,Spain,ESP,1706,1681,-1,2023-09-01,UEFA,ESP,5,1706
6,Netherlands,NED,1678,1692,1,2023-09-01,UEFA,NLD,6,1678
7,Croatia,CRO,1644,1656,5,2023-09-01,UEFA,HRV,7,1644
8,Portugal,POR,1612,1597,-4,2023-09-01,UEFA,PRT,8,1612
9,Germany,GER,1558,1557,4,2023-09-01,UEFA,DEU,9,1558
10,Austria,AUT,1550,1570,-1,2023-09-01,UEFA,AUT,10,1550
11,Denmark,DEN,1537,1507,-3,2023-09-01,UEFA,DNK,11,1537
12,Sweden,SWE,1525,1524,3,2023-09-01,UEFA,SWE,12,1525
13,Switzerland,SUI,1524,1525,0,2023-09-01,UEFA,CHE,13,1524
14,Poland,POL,1471,1449,-1,2023-09-01,UEFA,POL,14,1471
15,Hungary,HUN,1452,1426,-1,2023-09-01,UEFA,HUN,15,1452
16,Ukraine,UKR,1401,1402,4,2023-09-01,UEFA,UKR,16,1401
17,Norway,NOR,1396,1424,-3,2023-09-01,UEFA,NOR,17,1396
18,Serbia,SRB,1395,1397,5,2023-09-01,UEFA,SRB,18,1395
19,Romania,ROU,1370,1350,-1,2023-09-01,UEFA,ROU,19,1370
20,Slovakia,SVK,1362,1332,-5,2023-09-01,UEFA,SVK,20,1362
21,Czech Republic,CZE,1350,1341,1,2023-09-01,UEFA,CZE,21,1350
22,Slovenia,SVN,1344,1357,-4,2023-09-01,UEFA,SVN,22,1344
23,Finland,FIN,1271,1243,2,2023-09-01,UEFA,FIN,23,1271
24,Greece,GRE,1268,1255,-4,2023-09-01,UEFA,GRC,24,1268
25,Ireland,IRL,1263,1268,5,2023-09-01,UEFA,IRL,25,1263
26,Bulgaria,BUL,1220,1210,-2,2023-09-01,UEFA,BGR,26,1220
1,England,ENG,1801,1821,-1,2023-12-01,UEFA,ENG,1,1801
2,Belgium,BEL,1762,1736,2,2023-12-01,UEFA,BEL,2,1762
3,France,FRA,1724,1708,3,2023-12-01,UEFA,FRA,3,1724
4,Netherlands,NED,1717,1710,4,2023-12-01,UEFA,NLD,4,1717
5,Spain,ESP,1714,1704,-4,2023-12-01,UEFA,ESP,5,1714
6,Portugal,POR,1648,1664,3,2023-12-01,UEFA,PRT,6,1648
7,Italy,ITA,1635,1628,-2,2023-12-01,UEFA,ITA,7,1635
8,Croatia,CRO,1624,1628,0,2023-12-01,UEFA,HRV,8,1624
9,Denmark,DEN,1592,1562,5,2023-12-01,UEFA,DNK,9,1592
10,Germany,GER,1567,1537,1,2023-12-01,UEFA,DEU,10,1567
11,Switzerland,SUI,1561,1537,-2,2023-12-01,UEFA,CHE,11,1561
12,Austria,AUT,1478,1474,2,2023-12-01,UEFA,AUT,12,1478
13,Romania,ROU,1427,1433,-5,2023-12-01,UEFA,ROU,13,1427
14,Hungary,HUN,1423,1437,0,2023-12-01,UEFA,HUN,14,1423
15,Ukraine,UKR,1421,1431,1,2023-12-01,UEFA,UKR,15,1421
16,Sweden,SWE,1419,1426,-4,2023-12-01,UEFA,SWE,16,1419
17,Serbia,SRB,1418,1416,-1,2023-12-01,UEFA,SRB,17,1418
18,Poland,POL,1412,1427,-1,2023-12-01,UEFA,POL,18,1412
19,Ireland,IRL,1403,1379,-3,2023-12-01,UEFA,IRL,19,1403
20,Czech Republic,CZE,1354,1382,-2,2023-12-01,UEFA,CZE,20,1354
21,Norway,NOR,1317,1347,-2,2023-12-01,UEFA,NOR,21,1317
22,Slovakia,SVK,1312,1341,1,2023-12-01,UEFA,SVK,22,1312
23,Greece,GRE,1291,1268,3,2023-12-01,UEFA,GRC,23,1291
24,Finland,FIN,1290,1288,-1,2023-12-01,UEFA,FIN,24,1290
25,Slovenia,SVN,1231,1216,-1,2023-12-01,UEFA,SVN,25,1231
26,Bulgaria,BUL,1205,1203,2,2023-12-01,UEFA,BGR,26,1205
